ID,TANGGAL,NAMA_KEGIATAN,KETERANGAN,FILE
60,1984-11-06,Exclusive human-resource approach,morph back-end mindshare,PemeliharaanPohon/pemeliharaan_pohon_np0KvWP.txt
59,2000-06-19,Multi-channeled incremental structure,deliver leading-edge mindshare,PemeliharaanPohon/pemeliharaan_pohon_r4GpTPT.txt
58,1980-09-26,Configurable optimal moderator,architect scalable deliverables,PemeliharaanPohon/pemeliharaan_pohon_365kx3F.txt
57,2009-08-21,Future-proofed fault-tolerant artificial intelligence,whiteboard value-added interfaces,PemeliharaanPohon/pemeliharaan_pohon_hEJvsNx.txt
56,1977-02-03,Intuitive needs-based product,morph ubiquitous vortals,PemeliharaanPohon/pemeliharaan_pohon_fbV5EaY.txt
55,1999-09-18,Enhanced dedicated policy,integrate mission-critical portals,PemeliharaanPohon/pemeliharaan_pohon_DriJ3Gn.txt
54,1980-09-10,Fundamental interactive Internet solution,whiteboard cutting-edge metrics,PemeliharaanPohon/pemeliharaan_pohon_pr361Hg.txt
53,1991-04-20,Implemented discrete archive,deploy robust relationships,PemeliharaanPohon/pemeliharaan_pohon_NTCzaUM.txt
52,1990-12-27,Team-oriented contextually-based collaboration,orchestrate intuitive systems,PemeliharaanPohon/pemeliharaan_pohon_7DUoyP1.txt
51,2002-04-26,Customizable background model,synthesize enterprise action-items,PemeliharaanPohon/pemeliharaan_pohon.txt
